Name	title	coding
t2_4w50cf06	Anyone been to Gerts bar recently?	o
t2_8non0pad	Wellness hub replacement?	o
t2_71yd5vfa	course equivalency	c
t2_45tp9t1c	Cat chasing birds outside of McConnell today (what should we name them?)	o
t2_6l4z3	REAL TALK FRIDAY	o
t2_87k8umof	Is 3.7 GPA good for a Psychology major?	c
t2_10l2of	Ontario student. Can I pick up a prescription here?	o
t2_heevg	Which advisor should I contact to talk about switching faculties?	c
t2_dc9m9ec3	How doable is it to take GERM325 and GERM336 in the same semester?	c
t2_dmdfv5vb	Final exams and webwork	c
t2_axux86px	What's your comfort space on campus?	o
t2_amq3nw9e	Anyone willing to share psyc 213 notes?	c
t2_4p3fid0e	Where are Bell customer service people located?	o
t2_3s7mvolh	Comment on OSD exams?	c
t2_1awwtqsn	Hot water on campus?	f
t2_8d2j9dhf	Question about Richard Roy	o
t2_ij8q03t	Will BIOL 112 be in person?	c
t2_cnjygixt	Watching UFC Events Near Campus	o
t2_64528q4v	"To full time students/part time workers in the Life Sciences program, what should be the maximum amount of hours you allot for work without compromising your studies??"	c
t2_fs3eat17	Study spots in 2001 av McGill College	o
t2_fauusppt	PHIL 434 Midterm	c
t2_6xzc7oll	MGCR 341 midterm location	c
t2_6x0bdr3w	BIOL215 midterm thoughts?	c
t2_5lwvqiy9	Winter 2022 Exchange Reinstatement: Australia	o
t2_15zqc1	"SSMU Dental Insurance maxed out, what should I do"	o
t2_5c3mn22g	Is there free COVID testing for McGill students?	o
t2_aw8ex9n7	Struggling with Language at Work	o
t2_ekvq9i2w	Unwell Woman in Burnside ground staircase	o
t2_f722fw	Anyone know any good psychoanalysts around?	o
t2_8nxn719x	Peculiar microwave ?	f
t2_4ifcdt8z	Nail places downtown??	o
t2_8h4zsww7	Getting permission to do an exam in a private room	o
t2_apzt4iza	Petition for Thomson House Menu change!	f
t2_fqin1q8l	birth control @ wellness hub	o
t2_48qkckb4	fall 2021 SSMU referendum starts tomorrow!	o
t2_4l05uj5m	International student insurance coverage for consultation with a doctor outside McGill	o
t2_3duxzs6o	Guy on Sherbrooke asking for Money	o
t2_41kpce1g	How to study for ANAT 261	c
t2_2vo0kmfk	"Anyone else getting constant ""Unexpected Server Response"" on mycourses when trying to access documents?"	o
t2_c9pc903g	Positive COVID Case at CHEM 222 midterm 2/Lab	c
t2_8ez3tpxh	DONE WITH HEALTH SERVICES	o
t2_5cmadikm	Flex-Spaces - Fall 2021 - Recommendation	o
t2_15ylyb	caged squirrel in leacock I'd like to know if it's ok	o
t2_8d2j9dhf	Question about PHGY212 Final	c
t2_4p4fi	If you have a dog in the Plateau beware of 2 women with a large poodle(?)	r
t2_4qzh8p	Fast pass sticker??	o
t2_8hdxkqi8	IPN Supervisor Hunt	o
t2_dxw8ktyj	Where to apply for summer internships CS?	o
t2_8kygg5sh	LOST MY KEYS NEAR MCGILL details in comments please return if found it is a very sentimental item.	o
t2_8kygg5sh	UPDATE: KEYS FOUND!!!	o